{
  "project_info": {
    "project_number": "624368730732",
    "firebase_url": "https://loginsystem-df8d1.firebaseio.com",
    "project_id": "loginsystem-df8d1",
    "storage_bucket": "loginsystem-df8d1.appspot.com"
  },
  "client": [
    {
      "client_info": {
        "mobilesdk_app_id": "1:624368730732:android:7377c2811ea95c34",
        "android_client_info": {
          "package_name": "nj.com.loginsystem"
        }
      },
      "oauth_client": [
        {
          "client_id": "624368730732-2h98j4ndjjvg89hm357pqiecgboas026.apps.googleusercontent.com",
          "client_type": 1,
          "android_info": {
            "package_name": "nj.com.loginsystem",
            "certificate_hash": "d9b30410812b983f09e8d7a3dc7866a1e6d2d6cd"
          }
        },
        {
          "client_id": "624368730732-mr6uagc6uuotn2oteteucmp9787nnml9.apps.googleusercontent.com",
          "client_type": 3
        }
      ],
      "api_key": [
        {
          "current_key": "AIzaSyCYfATrw8ckNZCIGR5KEI4inCsqO_goFtE"
        }
      ],
      "services": {
        "appinvite_service": {
          "other_platform_oauth_client": [
            {
              "client_id": "624368730732-mr6uagc6uuotn2oteteucmp9787nnml9.apps.googleusercontent.com",
              "client_type": 3
            }
          ]
        }
      }
    }
  ],
  "configuration_version": "1"
}